{
 "sections": {
   "main": {
     "type": "main-article",
     "blocks": {
       "featured_image": {
         "type": "featured_image"
       },
       "title": {
         "type": "title"
       },
       "content": {
         "type": "content"
       },
       "social_sharing": {
         "type": "social_sharing"
       }
     },
     "block_order": [
       "featured_image",
       "title",
       "content",
       "social_sharing"
    ]
   }
 },
 "order": ["main"]
}
